[TOC]

# 整型
1byte = 8bit

|   类型    |  大小  |       范围（有符号）       |  范围（无符号）   |   用途    |
| --------- | ----- | ----------------------- | ------------- | -------- |
| tinyint   | 1byte | ($-2^7$,$2^7$)          | (0,$2^8$)	     | 小整数值   |
| smallint  | 2byte | 	($-2^{15}$,$2^{15}$)  | 	(0,$2^{16}$) | 大整数值   |
| mediumint | 3byte | 	($-2^{23}$,$2^{23}$) | (0,$2^{24}$)   | 大整数值   |
| int       | 4byte | ($-2^{31}$,$2^{31}$)	 | 	(0,$2^{32}$)  | 大整数值   |
| bigint    | 8byte | ($-2^{63}$,$2^{63}$)	 | (0,$2^{64}$)	  | 极大整数值 |


# 浮点型
|  类型   |                  大小                  | 范围（有符号） | 范围（无符号） |     用途     |
| ------- | -------------------------------------- | ----------- | ----------- | ----------- |
| float   | 4byte                                  |             |             | 单精度浮点数值 |
| double  | 8byte                                  |             |             | 双精度浮点数值 |
| decimal | 对DECIMAL(M,D) ，如果M>D，为M+2否则为D+2	 |             |             | 小数值       |


## decimal
每4个字节存9个数字，小数点占一个字节
精确类型
123456789.987654321 = decimal(18,9)
占用9个字节
123456789占4个
987654321占4个
小数点占一个

```
mysql> create database test;
mysql> use test
mysql> create table t(d1 double,d2 decimal(10,3));
mysql> insert into t values(11.2,11.2),(2.56,2.56),(123.45,123.45);
mysql> select * from t;
+--------+---------+
| d1     | d2      |
+--------+---------+
|   11.2 |  11.200 |
|   2.56 |   2.560 |
| 123.45 | 123.450 |
+--------+---------+
3 rows in set (0.01 sec)

mysql> select sum(d1),sum(d2) from t;
+---------+---------+
| sum(d1) | sum(d2) |
+---------+---------+
|  137.21 | 137.210 |
+---------+---------+
1 row in set (0.00 sec)
```

# 时间类型

|   类型    |    大小     |                                                     范围                                                      |              格式              |         用途         |
| --------- | ---------- | ------------------------------------------------------------------------------------------------------------ | ----------------------------- | ------------------- |
| DATE      | 3byte	     | 1000-01-01/9999-12-31	                                                                                        | YYYY-MM-DD	                    | 日期值               |
| TIME	    | 3~6byte	 | '-838:59:59'/'838:59:59'	                                                                                    | HH:MM:SS[.微秒值]	            | 时间值或持续时间       |
| YEAR	   | 1byte       | 1901/2155	                                                                                                    | YYYY	                        | 年份值               |
| DATETIME  | 5~8byte     | 1000-01-01 00:00:00/9999-12-31 23:59:59	                                                                    | YYYY-MM-DD HH:MM:SS[.微秒值]	 | 混合日期和时间值       |
| TIMESTAMP | 4~7byte     | 1970-01-01 00:00:00/2038结束时间是第 2147483647 秒，北京时间 2038-1-19 11:14:07，格林尼治时间 2038年1月19日 凌晨 03:14:07 | YYYYMMDD HHMMSS[.微秒值]	            | 混合日期和时间值，时间戳 |

TIMESTAMP
4-7byte
YYYY-MM-DD HH:MM:SS[.微秒值]

```
mysql> create table t_timestamp(dt timestamp);
Query OK, 0 rows affected (0.05 sec)

mysql> insert into t_timestamp select now();
Query OK, 1 row affected (0.01 sec)
Records: 1  Duplicates: 0  Warnings: 0

mysql> select * from t_timestamp;
+---------------------+
| dt                  |
+---------------------+
| 2020-02-22 21:04:44 |
+---------------------+
1 row in set (0.00 sec)

mysql> set time_zone="+10:00"
设置为东十区
```

# 字符串类型
|  类型	   |        大小        |            用途            |
| ---------- | ------------------ | -------------------------- |
| CHAR       | 0-255字节	         | 定长字符串                   |
| VARCHAR	 | 0-65535字节	      | 变长字符串                   |
| TINYBLOB   | 0-255字节	         | 不超过 255 个字符的二进制字符串 |
| TINYTEXT   | 0-255字节	         | 短文本字符串                 |
| BLOB       | 0-65535字节         | 二进制形式的长文本数据         |
| TEXT       | 0-65535字节         | 长文本数据                   |
| MEDIUMBLOB  | 0-16777215字节	  | 二进制形式的中等长度文本数据    |
| MEDIUMTEXT  | 0-16777215字节      | 中等长度文本数据              |
| LONGBLOB   | 0-4294967295字节	  | 二进制形式的极大文本数据       |
| LONGTEXT	 | 0-4294967295字节    | 极大文本数据                 |

## Enum
集合最大数目为65535
只能插入列表中的值

```
mysql> alter table student add adders enum("sichuang","shanghai");
Query OK, 0 rows affected (0.02 sec)
Records: 0 Duplicates: 0 Warnings: 0

mysql> insert into student (sname,gender,class_id,adders) values("李自成1","男","1","aaaa");
ERROR 1265 (01000): Data truncated for column 'adders' at row 1
```

# 如何选择数据类型
+ 优先选择复合存储数据需求的最小数据类型
+ 谨慎使用ENUM，TEXT字符串类型

INET_ATON（’255.255.255.255‘=429496792
INET_ATON函数将ip地址转化为int类型
INET_NTOA(429496792)=’255.255.255.255‘
将int转换为ip地址字符串

mysql内存临时表不支持text这种大数据类型，排序的时候就不能使用内存临时表，必须要使用磁盘临时表。对于这种数据，mysql在读写时还要二次查找，sql的性能很差
如果一定要使用text数据类型，那么建议将这个字段分离到一个单独的扩展表中存储，在查询时不要使用select *这样的方式，而是只取出必要的列
mysql对于索引的字段的长度是有限度的，text只能前缀索引，text还不允许存在默认值

enum优点：可以将字符串转换成整数类型
enum缺点：如果需要对枚举的值进行修改的话，就要使用alter语句，对表的元数据进行修改。如果在生产环境，可能会出现阻塞

同财务相关的数值型数据，必须使用decimal类型

tiny(2) unsigned ZEROFILL